player_id,full_name,age,height,years_exp,team,position,1,2,3,4,5,6,7,8,9,10,11,12,13,14,15,16,17
10212,Josh Whyle,25.0,79,1.0,TEN,TE,0.0,,,1.0,0.0,0.7,4.9,4.3,1.7,0.0,1.1,0.0,0.0,0.0,0.0,0.0,0.0
10213,Tre Tucker,23.0,69,1.0,LV,WR,3.2,2.3,19.1,12.9,3.6,0.0,6.2,4.3,1.5,0.0,5.0,11.7,13.4,0.0,0.0,0.0,0.0
10214,Davis Allen,23.0,78,1.0,LAR,TE,0.0,0.0,0.0,0.0,0.0,0.0,0.0,0.0,1.0,5.9,0.0,0.0,0.0,0.0,0.0,0.0,0.0
10216,Kenny McIntosh,24.0,72,1.0,SEA,RB,0.0,0.0,1.1,0.0,0.0,0.0,0.5,0.0,0.0,0.0,0.0,0.0,0.0,0.0,0.0,0.0,0.0
10218,Xavier Hutchinson,24.0,75,1.0,HOU,WR,,,,,,0.0,1.6,,0.0,1.6,0.0,0.0,0.0,0.0,0.0,0.0,0.0
10219,Chris Rodriguez,25.0,71,1.0,WAS,RB,0.0,0.0,0.0,0.0,0.0,0.0,0.0,0.0,5.2,0.4,0.0,0.0,0.0,0.0,0.0,0.0,0.0
10220,Will Mallory,25.0,76,1.0,IND,TE,0.0,0.0,,,,,,,,,,,,,,,
10222,Jayden Reed,24.0,71,1.0,GB,WR,31.1,5.6,8.9,23.6,11.7,11.8,2.0,6.5,13.8,0.0,8.8,4.1,18.2,0.0,0.0,0.0,0.0
10223,Eric Gray,25.0,70,1.0,NYG,RB,2.0,0.0,-2.0,0.1,4.9,1.3,1.4,0.8,0.0,0.0,0.0,1.6,0.0,0.0,0.0,0.0,0.0
10225,Jonathan Mingo,23.0,74,1.0,DAL,WR,3.3,0.6,3.5,3.9,4.7,0.6,0.0,0.0,0.0,0.0,0.0,1.3,0.7,0.0,0.0,0.0,0.0
10226,Andrei Iosivas,25.0,75,1.0,CIN,WR,4.1,13.7,13.7,3.4,4.4,4.6,0.0,0.0,7.5,3.9,6.1,0.0,0.0,0.0,0.0,0.0,0.0
10229,Rashee Rice,24.0,73,1.0,KC,WR,13.8,16.0,23.1,0.0,0.0,0.0,0.0,0.0,0.0,0.0,0.0,0.0,0.0,0.0,0.0,0.0,0.0
10231,Elijah Higgins,24.0,75,1.0,ARI,TE,2.2,8.3,1.6,2.2,6.7,0.0,0.6,2.3,4.4,2.3,0.0,1.0,0.0,0.0,0.0,0.0,0.0
10232,Michael Wilson,24.0,74,1.0,ARI,WR,7.0,4.1,10.4,3.3,10.3,9.1,2.0,11.6,0.0,3.9,0.0,6.4,0.0,0.0,0.0,0.0,0.0
10235,Roschon Johnson,23.0,72,1.0,CHI,RB,0.0,0.0,8.2,8.6,14.5,4.3,0.0,6.6,3.1,0.6,10.6,7.7,0.0,0.0,0.0,0.0,0.0
10236,Dalton Kincaid,25.0,76,1.0,BUF,TE,1.6,5.3,11.6,7.2,4.4,8.1,6.7,11.1,5.2,3.4,0.0,0.0,0.0,0.0,0.0,0.0,0.0
10444,Cedric Tillman,24.0,75,1.0,CLE,WR,0.8,0.7,0.9,0.0,0.0,-0.5,14.1,25.4,16.5,0.0,6.2,1.8,0.0,0.0,0.0,0.0,0.0
10859,Sam LaPorta,23.0,75,1.0,DET,TE,6.5,2.3,4.6,7.3,0.0,11.7,3.0,13.8,3.8,14.1,0.0,3.4,14.1,0.0,0.0,0.0,0.0
10862,Dorian Thompson-Robinson,25.0,74,1.0,CLE,QB,0.0,0.0,0.0,0.0,0.0,0.0,5.68,0.0,0.0,0.0,0.0,0.0,0.0,0.0,0.0,0.0,0.0
10863,A.T. Perry,25.0,77,1.0,DEN,WR,0.0,0.0,0.0,0.0,0.0,0.0,,,,,,,,,,,
10866,Aidan O'Connell,26.0,75,1.0,LV,QB,0.0,0.0,7.28,0.0,2.76,12.08,2.08,0.0,0.0,0.0,0.0,0.0,19.6,0.0,0.0,0.0,0.0
10871,Luke Schoonmaker,26.0,77,1.0,DAL,TE,0.0,7.3,1.0,0.0,1.3,0.0,0.0,0.0,0.0,0.0,8.6,13.0,5.8,0.0,0.0,0.0,0.0
11034,Jalen Brooks,24.0,74,1.0,DAL,WR,,1.5,2.9,0.0,1.5,2.0,0.0,0.0,3.6,,,,,,,,
11292,Tommy DeVito,26.0,74,1.0,NYG,QB,,,,,,,,,,,0.0,10.76,0.0,0.0,0.0,0.0,0.0
11306,Xavier Gipson,23.0,69,1.0,NYJ,WR,,,,1.1,0.0,,,,,,2.2,0.0,0.0,0.0,0.0,0.0,0.0
11435,Emanuel Wilson,25.0,70,1.0,GB,RB,5.8,0.9,15.5,2.7,2.0,7.8,1.1,1.3,9.4,0.0,1.7,4.1,2.0,0.0,0.0,0.0,0.0
11439,Jaleel McLaughlin,24.0,67,1.0,DEN,RB,3.3,0.6,7.9,5.1,10.0,3.5,3.5,12.1,3.5,1.2,1.9,4.4,0.0,0.0,0.0,0.0,0.0
11557,Joe Milton,24.0,77,0.0,NE,QB,0.0,0.0,0.0,0.0,0.0,0.0,0.0,0.0,0.0,0.0,0.0,0.0,0.0,0.0,0.0,0.0,0.0
11558,Sam Hartman,25.0,73,0.0,WAS,QB,0.0,0.0,0.0,0.0,0.0,0.0,0.0,0.0,0.0,0.0,0.0,0.0,0.0,0.0,0.0,0.0,0.0
11559,Michael Penix,24.0,74,0.0,ATL,QB,0.0,0.0,0.0,0.0,0.0,0.0,0.56,0.0,0.0,0.0,0.96,0.0,0.0,0.0,0.0,0.0,0.0
11560,Caleb Williams,23.0,73,0.0,CHI,QB,7.22,9.36,19.32,11.48,23.56,29.64,0.0,9.94,9.18,6.3,16.24,26.9,26.14,0.0,0.0,0.0,0.0
11562,Spencer Rattler,24.0,72,0.0,NO,QB,0.0,0.0,0.0,0.0,0.0,14.42,6.28,6.24,0.0,0.0,0.0,0.0,0.0,0.0,0.0,0.0,0.0
11563,Bo Nix,24.0,74,0.0,DEN,QB,13.02,10.34,19.34,6.7,23.14,21.74,14.06,29.76,18.22,16.1,28.78,19.42,0.0,0.0,0.0,0.0,0.0
11564,Drake Maye,22.0,76,0.0,NE,QB,0.0,0.0,2.08,0.0,0.0,21.52,20.84,11.52,17.74,12.76,18.98,14.48,0.0,0.0,0.0,0.0,0.0
11565,J.J. McCarthy,21.0,75,0.0,MIN,QB,0.0,0.0,0.0,0.0,0.0,0.0,0.0,0.0,0.0,0.0,0.0,0.0,0.0,0.0,0.0,0.0,0.0
11566,Jayden Daniels,23.0,76,0.0,WAS,QB,28.16,13.44,28.06,25.02,20.72,20.96,5.24,22.24,19.86,8.58,14.44,32.4,0.0,0.0,0.0,0.0,0.0
11567,Jordan Travis,24.0,73,0.0,NYJ,QB,0.0,0.0,0.0,0.0,0.0,0.0,0.0,0.0,0.0,0.0,0.0,0.0,0.0,0.0,0.0,0.0,0.0
11573,Frank Gore,22.0,68,0.0,BUF,RB,0.0,0.0,0.0,0.0,0.0,0.0,0.0,0.0,0.0,0.0,0.0,0.0,0.0,0.0,0.0,0.0,0.0
11574,Dylan Laube,24.0,70,0.0,LV,RB,0.0,0.0,0.0,0.0,0.0,-2.0,0.0,0.0,0.0,0.0,0.0,0.0,0.0,0.0,0.0,0.0,0.0
11575,Ray Davis,25.0,68,0.0,BUF,RB,3.2,3.3,8.8,1.1,0.9,16.7,11.2,2.9,16.0,0.6,1.1,0.0,0.0,0.0,0.0,0.0,0.0
11576,Braelon Allen,20.0,73,0.0,NYJ,RB,2.2,18.6,8.3,5.1,3.3,0.8,1.1,9.2,0.9,3.9,0.6,0.0,0.0,0.0,0.0,0.0,0.0
11577,Will Shipley,22.0,71,0.0,PHI,RB,0.0,0.0,0.0,0.0,0.0,0.0,,,,,,,,,,,
11579,Audric Estime,21.0,71,0.0,DEN,RB,1.4,0.0,0.0,0.0,0.0,1.3,0.9,0.4,3.5,5.3,4.0,1.5,0.0,0.0,0.0,0.0,0.0
11581,MarShawn Lloyd,23.0,69,0.0,GB,RB,0.0,2.3,0.0,0.0,0.0,0.0,0.0,0.0,0.0,0.0,0.0,0.0,0.0,0.0,0.0,0.0,0.0
11582,Carson Steele,22.0,72,0.0,KC,RB,,,7.9,-0.9,1.2,0.0,1.7,1.9,,,,1.8,0.0,0.0,0.0,0.0,0.0
11583,Jonathon Brooks,21.0,72,0.0,CAR,RB,0.0,0.0,0.0,0.0,0.0,0.0,0.0,0.0,0.0,0.0,0.0,0.7,0.0,0.0,0.0,0.0,0.0
11584,Bucky Irving,22.0,70,0.0,TB,RB,8.6,2.2,9.9,12.0,4.6,17.5,15.2,11.9,4.9,16.2,0.0,24.2,0.0,0.0,0.0,0.0,0.0
11586,Blake Corum,24.0,68,0.0,LAR,RB,0.0,2.8,0.0,0.0,3.8,0.0,1.1,2.3,-0.1,2.0,3.3,0.5,0.0,0.0,0.0,0.0,0.0
11589,Trey Benson,22.0,73,0.0,ARI,RB,2.3,2.2,0.8,5.0,0.0,2.6,0.0,1.0,12.0,9.7,0.0,1.8,0.0,0.0,0.0,0.0,0.0
11592,Erick All,24.0,77,0.0,CIN,TE,0.0,5.2,4.2,4.8,2.0,2.0,0.0,4.2,3.4,0.0,0.0,0.0,0.0,0.0,0.0,0.0,0.0
11595,Jared Wiley,24.0,78,0.0,KC,TE,0.0,1.2,0.0,0.0,0.0,0.0,0.0,0.0,0.0,0.0,0.0,0.0,0.0,0.0,0.0,0.0,0.0
11596,Ben Sinnott,22.0,76,0.0,WAS,TE,0.0,0.0,0.0,0.0,0.0,0.0,7.6,0.0,1.7,0.0,0.0,0.0,0.0,0.0,0.0,0.0,0.0
11597,Theo Johnson,23.0,78,0.0,NYG,TE,2.3,0.0,1.8,1.1,7.3,4.5,0.0,5.0,12.6,5.7,0.0,5.4,7.9,0.0,0.0,0.0,0.0
11599,Cade Stover,24.0,76,0.0,HOU,TE,0.0,2.3,0.0,3.2,1.6,0.0,2.0,2.9,0.0,0.7,2.5,10.1,0.0,0.0,0.0,0.0,0.0
11600,Ja'Tavion Sanders,21.0,76,0.0,CAR,TE,0.9,1.8,0.0,2.6,2.8,7.4,9.1,1.2,10.7,7.8,0.0,6.4,0.0,0.0,0.0,0.0,0.0
11603,AJ Barner,22.0,78,0.0,SEA,TE,,,,,1.8,1.8,1.0,4.4,4.7,0.0,2.5,3.4,0.0,0.0,0.0,0.0,0.0
11604,Brock Bowers,21.0,76,0.0,LV,TE,8.8,14.3,5.6,4.1,19.7,11.6,14.3,8.3,13.0,0.0,24.8,5.8,25.2,0.0,0.0,0.0,0.0
11605,Jaheim Bell,23.0,74,0.0,NE,TE,0.0,0.0,0.0,,,,,,,,,,,,,,
11610,Malik Washington,23.0,68,0.0,MIA,WR,0.0,0.0,0.0,1.3,0.0,0.0,1.9,0.0,0.9,10.0,3.3,0.8,-0.2,0.0,0.0,0.0,0.0
11617,Malachi Corley,22.0,71,0.0,NYJ,WR,0.0,0.9,0.0,0.0,0.0,0.0,0.0,0.0,-0.2,0.7,1.5,0.0,0.0,0.0,0.0,0.0,0.0
11618,Jalen McMillan,22.0,73,0.0,TB,WR,9.7,2.6,1.1,0.0,0.0,0.0,4.1,7.2,0.0,0.0,0.0,1.6,0.0,0.0,0.0,0.0,0.0
11619,Ja'Lynn Polk,22.0,73,0.0,NE,WR,1.1,8.2,2.3,4.5,1.8,0.9,0.0,0.0,0.0,6.7,0.0,1.2,0.0,0.0,0.0,0.0,0.0
11620,Rome Odunze,22.0,75,0.0,CHI,WR,1.6,4.3,20.4,1.5,6.5,5.0,0.0,6.9,12.9,3.8,9.5,6.4,3.5,0.0,0.0,0.0,0.0
11621,Brenden Rice,22.0,75,0.0,LAC,WR,0.0,0.0,0.0,0.0,0.0,0.0,0.0,0.0,0.0,0.0,0.0,0.0,0.0,0.0,0.0,0.0,0.0
11623,Jordan Whittington,24.0,73,0.0,LAR,WR,0.0,3.2,4.3,9.2,12.4,0.0,0.0,0.0,0.0,0.0,0.0,0.0,0.0,0.0,0.0,0.0,0.0
11624,Xavier Worthy,21.0,71,0.0,KC,WR,19.8,3.2,4.0,14.8,10.3,0.0,3.9,11.7,-1.0,1.6,14.8,7.1,7.9,0.0,0.0,0.0,0.0
11625,Adonai Mitchell,22.0,74,0.0,IND,WR,0.7,3.5,0.0,1.0,7.16,1.9,4.0,1.4,2.7,10.1,4.0,1.5,0.0,0.0,0.0,0.0,0.0
11626,Xavier Legette,23.0,75,0.0,CAR,WR,5.5,0.0,5.2,16.6,1.3,9.8,1.9,11.4,11.9,5.5,0.0,7.6,0.0,0.0,0.0,0.0,0.0
11627,Troy Franklin,21.0,75,0.0,DEN,WR,0.0,0.0,2.1,0.8,2.5,10.6,7.5,1.4,2.4,1.4,8.5,4.1,0.0,0.0,0.0,0.0,0.0
11628,Marvin Harrison,22.0,76,0.0,ARI,WR,0.9,27.0,14.9,13.0,4.6,0.0,3.6,20.1,2.4,13.9,0.0,6.2,0.0,0.0,0.0,0.0,0.0
11629,Devontez Walker,23.0,73,0.0,BAL,WR,0.0,0.0,0.0,0.0,0.0,0.0,0.0,0.0,0.0,0.0,0.0,0.0,0.0,0.0,0.0,0.0,0.0
11630,Roman Wilson,23.0,70,0.0,PIT,WR,0.0,0.0,0.0,0.0,0.0,0.0,0.0,0.0,0.0,0.0,0.0,0.0,0.0,0.0,0.0,0.0,0.0
11631,Brian Thomas,22.0,74,0.0,JAX,WR,12.7,10.4,7.3,18.9,20.7,4.2,19.6,13.5,5.2,2.2,11.1,0.0,0.0,0.0,0.0,0.0,0.0
11632,Malik Nabers,21.0,72,0.0,NYG,WR,9.1,23.7,24.2,17.1,0.0,0.0,6.1,10.6,10.4,7.8,0.0,9.4,11.3,0.0,0.0,0.0,0.0
11635,Ladd McConkey,23.0,72,0.0,LAC,WR,12.4,3.6,5.9,15.2,0.0,6.3,7.1,26.1,8.9,6.2,15.3,11.3,0.0,0.0,0.0,0.0,0.0
11636,Johnny Wilson,23.0,78,0.0,PHI,WR,,,,,,,,,,,,0.0,0.0,0.0,0.0,0.0,0.0
11637,Keon Coleman,21.0,76,0.0,BUF,WR,7.1,0.0,8.9,6.6,11.4,4.1,14.5,15.5,4.6,0.0,0.0,0.0,0.0,0.0,0.0,0.0,0.0
11638,Ricky Pearsall,24.0,75,0.0,SF,WR,0.0,0.0,0.0,0.0,0.0,0.0,3.6,9.7,0.0,15.3,0.0,0.0,0.0,0.0,0.0,0.0,0.0
11640,Jermaine Burton,23.0,72,0.0,CIN,WR,0.0,5.2,0.0,0.0,0.0,0.0,0.0,4.6,0.0,1.6,1.3,0.0,0.0,0.0,0.0,0.0,0.0
11643,Jaylen Wright,21.0,70,0.0,MIA,RB,0.0,0.4,1.7,3.2,8.6,0.0,3.3,1.8,1.8,0.3,1.1,0.8,0.0,0.0,0.0,0.0,0.0
11645,Javon Baker,22.0,73,0.0,NE,WR,0.0,0.0,0.0,0.0,,,,,,,,0.0,0.0,0.0,0.0,0.0,0.0
11646,Jalen Coker,23.0,75,0.0,CAR,WR,0.0,0.0,0.0,0.0,8.8,4.5,1.5,15.8,4.6,5.6,0.0,0.0,0.0,0.0,0.0,0.0,0.0
11647,Kimani Vidal,23.0,68,0.0,LAC,RB,0.0,0.0,0.0,0.0,0.0,12.1,2.4,1.6,0.7,0.0,0.0,0.0,0.0,0.0,0.0,0.0,0.0
11650,Luke McCaffrey,23.0,74,0.0,WAS,WR,3.3,0.0,5.9,2.2,3.4,1.0,0.0,1.3,0.0,2.8,0.0,1.3,0.0,0.0,0.0,0.0,0.0
11651,Isaac Guerendo,24.0,72,0.0,SF,RB,0.0,0.0,1.9,-2.0,2.2,9.9,1.2,17.7,0.0,0.0,0.0,0.0,0.0,0.0,0.0,0.0,0.0
11655,Tyrone Tracy,25.0,71,0.0,NYG,RB,1.2,0.2,5.0,2.6,13.5,19.7,4.7,22.0,7.4,14.9,0.0,7.0,13.5,0.0,0.0,0.0,0.0
1166,Kirk Cousins,36.0,75,12.0,ATL,QB,8.2,17.54,12.1,8.52,35.36,12.5,9.18,28.64,17.78,11.24,5.92,0.0,0.0,0.0,0.0,0.0,0.0
11748,Bub Means,23.0,74,0.0,NO,WR,0.0,,,,,,5.2,4.1,0.0,0.0,0.0,,,,,,
11815,Cornelius Johnson,24.0,75,0.0,GB,WR,0.0,0.0,0.0,0.0,0.0,0.0,0.0,0.0,0.0,0.0,0.0,0.0,0.0,0.0,0.0,0.0,0.0
11834,Devaughn Vele,26.0,77,0.0,DEN,WR,,0.0,0.0,0.0,0.0,,2.5,4.3,2.1,11.9,8.6,11.0,0.0,0.0,0.0,0.0,0.0
11895,Mason Tipton,24.0,71,0.0,NO,WR,,,,,,,7.5,2.4,0.0,0.0,0.0,0.0,0.0,0.0,0.0,0.0,0.0
1234,Russell Wilson,36.0,71,12.0,PIT,QB,0.0,0.0,0.0,0.0,0.0,0.0,24.86,13.82,0.0,19.1,7.3,13.8,0.0,0.0,0.0,0.0,0.0
1339,Zach Ertz,34.0,77,11.0,WAS,TE,4.3,8.2,6.3,5.7,2.0,8.8,12.0,11.2,1.0,5.1,15.7,12.8,0.0,0.0,0.0,0.0,0.0
1352,Robert Woods,32.0,72,11.0,HOU,WR,0.0,0.0,2.8,1.5,0.0,,,,,,,,,,,,
1373,Geno Smith,34.0,75,11.0,SEA,QB,18.84,17.88,13.36,22.6,22.56,14.48,17.78,9.08,25.12,0.0,16.74,13.36,0.0,0.0,0.0,0.0,0.0
1426,DeAndre Hopkins,32.0,73,11.0,KC,WR,1.3,1.4,16.3,4.1,0.0,7.4,0.3,3.9,24.6,7.6,4.4,12.0,11.0,0.0,0.0,0.0,0.0
1466,Travis Kelce,35.0,77,11.0,KC,TE,4.9,1.1,5.0,12.4,11.5,0.0,3.7,20.0,15.0,16.4,1.8,9.2,10.3,0.0,0.0,0.0,0.0
1479,Keenan Allen,32.0,74,11.0,CHI,WR,4.9,0.0,0.0,3.4,4.8,18.6,0.0,4.9,5.6,6.9,6.1,19.1,21.8,0.0,0.0,0.0,0.0
1689,Adam Thielen,34.0,74,11.0,CAR,WR,6.4,3.0,11.5,0.0,0.0,0.0,0.0,0.0,0.0,0.0,0.0,7.2,0.0,0.0,0.0,0.0,0.0
19,Joe Flacco,39.0,78,16.0,IND,QB,,,,,26.56,14.66,0.0,0.0,4.06,13.88,0.0,0.0,0.0,0.0,0.0,0.0,0.0
2028,Derek Carr,33.0,75,10.0,NO,QB,21.3,22.82,8.98,9.06,13.6,0.0,0.0,0.0,13.44,20.46,18.72,0.0,0.0,0.0,0.0,0.0,0.0
2078,Odell Beckham,32.0,71,10.0,MIA,WR,0.0,0.0,0.0,0.0,0.0,0.0,0.0,0.0,3.0,2.7,2.3,,,,,,
2133,Davante Adams,31.0,73,10.0,NYJ,WR,8.4,21.5,6.0,0.0,0.0,0.0,4.5,7.4,18.6,6.1,10.2,0.0,0.0,0.0,0.0,0.0,0.0
2197,Brandin Cooks,31.0,70,10.0,DAL,WR,12.5,2.6,2.6,2.1,0.0,0.0,0.0,0.0,0.0,0.0,0.0,0.0,9.1,0.0,0.0,0.0,0.0
2216,Mike Evans,31.0,77,10.0,TB,WR,20.6,5.7,2.7,19.4,20.7,4.4,9.0,0.0,0.0,0.0,0.0,9.3,0.0,0.0,0.0,0.0,0.0
2306,Jameis Winston,30.0,76,9.0,CLE,QB,,,,,,,,23.56,13.1,0.0,26.6,14.46,0.0,0.0,0.0,0.0,0.0
2309,Amari Cooper,30.0,73,9.0,BUF,WR,2.6,2.6,24.1,5.5,8.0,6.2,14.6,0.8,0.0,0.0,6.5,0.0,0.0,0.0,0.0,0.0,0.0
2359,Ameer Abdullah,31.0,69,9.0,LV,RB,,,,,,,,,,,,15.0,6.3,0.0,0.0,0.0,0.0
2374,Tyler Lockett,32.0,70,9.0,SEA,WR,10.7,2.5,7.1,8.6,9.5,14.5,6.5,1.4,13.8,0.0,2.9,3.0,0.0,0.0,0.0,0.0,0.0
2449,Stefon Diggs,31.0,72,9.0,HOU,WR,18.9,5.7,14.92,16.0,11.2,16.7,4.8,10.2,0.0,0.0,0.0,0.0,0.0,0.0,0.0,0.0,0.0
2749,Raheem Mostert,32.0,70,9.0,MIA,RB,2.9,0.0,0.0,0.0,10.8,0.0,3.0,15.5,7.8,4.4,-0.2,0.7,4.4,0.0,0.0,0.0,0.0
3163,Jared Goff,30.0,76,8.0,DET,QB,12.38,10.78,15.56,26.68,0.0,25.1,18.8,15.5,9.6,12.8,34.58,10.76,16.94,0.0,0.0,0.0,0.0
3164,Ezekiel Elliott,29.0,72,8.0,DAL,RB,11.9,4.2,1.7,2.9,1.7,1.7,0.0,10.3,0.0,0.2,3.9,0.6,0.4,0.0,0.0,0.0,0.0
3198,Derrick Henry,30.0,74,8.0,BAL,RB,10.6,16.1,29.9,34.4,16.1,25.2,24.7,14.2,25.8,13.6,10.5,14.0,0.0,0.0,0.0,0.0,0.0
3200,Sterling Shepard,31.0,70,8.0,TB,WR,,,,,,6.9,,3.3,8.9,1.5,0.0,,,,,,
3202,Austin Hooper,30.0,76,8.0,NE,TE,,,,,,,,,,,5.5,13.9,0.0,0.0,0.0,0.0,0.0
3214,Hunter Henry,29.0,77,8.0,NE,TE,2.8,14.9,1.9,2.2,4.2,11.6,13.2,7.0,9.1,1.9,9.3,6.9,0.0,0.0,0.0,0.0,0.0
3225,Tyler Boyd,30.0,74,8.0,TEN,WR,3.3,3.6,4.8,4.1,0.0,3.4,6.8,2.9,0.3,0.0,4.4,,,,,,
3257,Jacoby Brissett,31.0,76,8.0,NE,QB,8.04,10.56,3.92,8.02,7.4,0.0,0.0,8.38,0.0,0.0,0.0,,,,,,
3271,Tyler Higbee,31.0,78,8.0,LAR,TE,0.0,0.0,0.0,0.0,0.0,0.0,0.0,0.0,0.0,0.0,0.0,0.0,0.0,0.0,0.0,0.0,0.0
3286,Demarcus Robinson,30.0,73,8.0,LAR,WR,6.2,6.0,3.7,4.7,10.3,0.0,1.4,16.5,24.4,2.8,2.9,8.5,0.0,0.0,0.0,0.0,0.0
3294,Dak Prescott,31.0,74,8.0,DAL,QB,11.46,14.92,29.86,16.74,18.38,5.22,0.0,15.62,12.32,0.0,0.0,0.0,0.0,0.0,0.0,0.0,0.0
3321,Tyreek Hill,30.0,70,8.0,MIA,WR,22.5,5.1,5.5,6.2,9.9,0.0,1.8,10.2,10.0,10.2,15.6,7.3,17.3,0.0,0.0,0.0,0.0
3357,Brandon Allen,32.0,74,8.0,SF,QB,,,,,,,,,,,,9.46,,,,,
4017,Deshaun Watson,29.0,75,7.0,CLE,QB,12.66,15.44,16.44,13.24,8.4,8.42,5.12,0.0,0.0,0.0,0.0,0.0,0.0,0.0,0.0,0.0,0.0
4018,Joe Mixon,28.0,73,7.0,HOU,RB,25.3,6.5,0.0,0.0,0.0,26.2,25.4,21.4,16.6,16.0,34.3,7.0,0.0,0.0,0.0,0.0,0.0
4029,Dalvin Cook,29.0,70,7.0,DAL,RB,0.0,,,,,,,2.7,0.8,0.0,0.0,0.0,0.0,0.0,0.0,0.0,0.0
4033,David Njoku,28.0,76,7.0,CLE,TE,6.4,0.0,0.0,0.0,1.9,5.6,18.6,14.6,5.4,0.0,14.6,3.4,0.0,0.0,0.0,0.0,0.0
4034,Christian McCaffrey,28.0,71,7.0,SF,RB,0.0,0.0,0.0,0.0,0.0,0.0,0.0,0.0,0.0,13.7,12.6,6.3,0.0,0.0,0.0,0.0,0.0
4035,Alvin Kamara,29.0,70,7.0,NO,RB,19.5,43.0,14.2,21.4,9.6,14.9,5.4,15.2,24.5,13.4,10.9,0.0,0.0,0.0,0.0,0.0,0.0
4037,Chris Godwin,28.0,73,7.0,TB,WR,18.3,21.2,14.3,9.9,9.1,30.0,10.0,0.0,0.0,0.0,0.0,0.0,0.0,0.0,0.0,0.0,0.0
4039,Cooper Kupp,31.0,74,7.0,LAR,WR,25.0,5.7,0.0,0.0,0.0,0.0,0.0,13.6,15.9,11.5,25.6,16.0,0.0,0.0,0.0,0.0,0.0
4040,JuJu Smith-Schuster,28.0,73,7.0,KC,WR,,,,,16.5,0.0,0.0,0.0,0.0,0.0,1.3,1.1,1.5,0.0,0.0,0.0,0.0
4046,Patrick Mahomes,29.0,74,7.0,KC,QB,15.64,14.94,17.38,14.0,14.44,0.0,14.06,19.18,24.54,16.54,17.84,28.76,16.64,0.0,0.0,0.0,0.0
4066,Evan Engram,30.0,75,7.0,JAX,TE,1.0,0.0,0.0,0.0,0.0,13.2,6.0,11.6,9.0,7.0,5.3,0.0,0.0,0.0,0.0,0.0,0.0
4068,Mike Williams,30.0,75,7.0,PIT,WR,0.0,2.4,4.9,8.7,3.5,0.0,2.0,,,9.7,0.0,0.0,0.0,0.0,0.0,0.0,0.0
4080,Zay Jones,29.0,74,7.0,ARI,WR,0.0,0.0,0.0,0.0,0.0,0.0,0.0,0.8,,,,,,,,,
4082,Curtis Samuel,28.0,71,7.0,BUF,WR,2.5,0.8,3.7,2.5,0.4,5.9,0.0,0.0,0.0,5.5,14.3,0.0,0.0,0.0,0.0,0.0,0.0
4089,Gerald Everett,30.0,75,7.0,CHI,TE,,1.1,0.0,0.0,3.2,0.0,0.0,0.8,1.0,0.0,0.0,0.0,0.0,0.0,0.0,0.0,0.0
4098,Kareem Hunt,29.0,71,7.0,KC,RB,,,0.0,9.5,18.2,0.0,21.3,12.8,18.2,13.5,6.0,10.2,2.5,0.0,0.0,0.0,0.0
4111,D'Onta Foreman,28.0,72,7.0,CLE,RB,0.0,5.6,0.5,1.2,6.5,5.7,0.5,2.6,0.0,0.0,0.0,0.0,0.0,0.0,0.0,0.0,0.0
4137,James Conner,29.0,73,7.0,ARI,RB,17.8,18.9,3.0,17.8,13.0,4.6,16.2,13.9,13.4,19.8,0.0,7.4,0.0,0.0,0.0,0.0,0.0
4144,Jonnu Smith,29.0,75,7.0,MIA,TE,1.2,8.3,2.8,0.0,8.6,0.0,19.1,4.0,7.1,6.0,25.1,19.2,16.3,0.0,0.0,0.0,0.0
4147,Samaje Perine,29.0,70,7.0,KC,RB,1.5,0.8,5.5,7.4,2.9,0.0,3.3,4.0,11.5,4.7,1.8,3.4,2.0,0.0,0.0,0.0,0.0
4149,Jamaal Williams,29.0,72,7.0,NO,RB,,3.9,0.4,2.9,0.9,0.7,1.7,,,,,,,,,,
4171,Josh Reynolds,29.0,75,7.0,DEN,WR,7.0,11.3,4.6,0.0,7.4,0.0,0.0,0.0,0.0,0.0,0.0,0.0,0.0,0.0,0.0,0.0,0.0
4199,Aaron Jones,29.0,70,7.0,MIN,RB,17.9,7.3,23.3,15.9,5.8,0.0,19.1,10.5,10.2,11.1,4.8,18.4,0.0,0.0,0.0,0.0,0.0
421,Matthew Stafford,36.0,75,15.0,LAR,QB,15.68,6.64,12.84,5.86,13.4,0.0,4.96,25.76,18.92,10.72,27.8,19.22,0.0,0.0,0.0,0.0,0.0
4217,George Kittle,31.0,76,7.0,SF,TE,6.0,17.1,0.0,12.5,16.4,20.3,12.2,21.8,0.0,13.2,0.0,17.2,0.0,0.0,0.0,0.0,0.0
4219,Jeremy McNichols,28.0,69,7.0,WAS,RB,,,,,10.4,0.9,4.2,-0.1,2.0,6.7,1.1,,,,,,
4234,Noah Brown,28.0,74,7.0,WAS,WR,0.0,,,,,7.8,2.1,14.8,8.5,4.8,0.9,10.1,0.0,0.0,0.0,0.0,0.0
4314,Johnny Mundt,30.0,76,7.0,MIN,TE,2.5,2.2,6.7,2.5,4.1,0.0,2.8,,,,,,,,,,
4351,Tim Patrick,31.0,77,7.0,DET,WR,,,,,,,,,2.2,0.0,4.1,,,,,,
4381,Taysom Hill,34.0,74,7.0,NO,TE,4.1,2.4,0.0,14.4,0.0,0.0,0.0,5.22,14.0,6.0,38.52,0.0,0.0,0.0,0.0,0.0,0.0
4454,Kendrick Bourne,29.0,73,7.0,NE,WR,0.0,0.0,0.0,0.0,1.1,1.9,1.9,0.0,6.1,0.0,15.5,4.5,0.0,0.0,0.0,0.0,0.0
4574,Cooper Rush,31.0,75,7.0,DAL,QB,,,,,,,,,,-2.0,17.36,17.98,11.8,0.0,0.0,0.0,0.0
4663,Austin Ekeler,29.0,69,7.0,WAS,RB,8.2,10.0,12.7,0.0,10.7,8.8,3.0,6.8,15.8,17.6,13.6,3.4,0.0,0.0,0.0,0.0,0.0
4866,Saquon Barkley,27.0,72,6.0,PHI,RB,32.2,15.6,31.6,12.6,0.0,6.4,25.7,11.6,31.4,8.3,32.8,44.2,0.0,0.0,0.0,0.0,0.0
4881,Lamar Jackson,27.0,74,6.0,BAL,QB,25.12,17.38,25.98,23.64,33.42,19.92,34.44,24.16,23.6,32.9,15.88,22.58,0.0,0.0,0.0,0.0,0.0
4892,Baker Mayfield,29.0,73,6.0,TB,QB,29.66,19.8,9.52,28.88,23.4,28.9,29.0,24.3,18.0,8.94,0.0,18.66,0.0,0.0,0.0,0.0,0.0
4943,Sam Darnold,27.0,75,6.0,MIN,QB,15.62,20.92,23.24,21.5,5.26,0.0,17.26,18.2,21.0,9.44,23.64,21.1,0.0,0.0,0.0,0.0,0.0
4950,Christian Kirk,28.0,71,6.0,JAX,WR,3.5,0.4,11.9,15.6,10.8,5.4,2.9,6.9,0.0,0.0,0.0,0.0,0.0,0.0,0.0,0.0,0.0
4951,DJ Chark,28.0,75,6.0,LAC,WR,0.0,0.0,0.0,0.0,0.0,0.0,0.0,0.0,0.0,,,,,,,,
4972,Mason Rudolph,29.0,77,6.0,TEN,QB,0.0,0.0,0.0,3.4,0.0,0.0,10.9,21.54,18.5,0.0,0.0,0.0,0.0,0.0,0.0,0.0,0.0
4973,Hayden Hurst,31.0,76,6.0,LAC,TE,4.3,1.0,2.5,1.1,0.0,0.0,0.0,,,0.0,0.0,,,,,,
4981,Calvin Ridley,29.0,73,6.0,TEN,WR,6.5,22.7,1.4,2.0,0.0,0.9,5.7,17.6,9.8,22.9,7.8,11.8,0.0,0.0,0.0,0.0,0.0
4983,DJ Moore,27.0,71,6.0,CHI,WR,7.5,8.3,11.2,9.7,25.0,4.0,0.0,4.4,5.3,4.2,10.2,23.4,19.7,0.0,0.0,0.0,0.0
4984,Josh Allen,28.0,77,6.0,BUF,QB,31.18,9.76,30.92,7.3,14.64,24.4,21.02,20.82,23.1,20.2,24.98,0.0,0.0,0.0,0.0,0.0,0.0
4988,Nick Chubb,28.0,71,6.0,CLE,RB,0.0,0.0,0.0,0.0,0.0,0.0,9.7,5.2,4.0,0.0,5.0,18.5,0.0,0.0,0.0,0.0,0.0
4993,Mike Gesicki,29.0,78,6.0,CIN,TE,3.3,12.6,6.7,-0.4,4.1,0.0,0.7,8.8,24.5,5.0,0.0,0.0,0.0,0.0,0.0,0.0,0.0
5001,Dalton Schultz,28.0,77,6.0,HOU,TE,3.1,3.1,2.1,4.9,5.4,4.7,3.3,7.2,3.6,8.1,5.8,3.0,0.0,0.0,0.0,0.0,0.0
5010,Will Dissly,28.0,76,6.0,LAC,TE,,,,,,,,6.6,1.9,5.5,16.0,6.7,0.0,0.0,0.0,0.0,0.0
5012,Mark Andrews,29.0,77,6.0,BAL,TE,2.4,7.1,0.0,0.0,7.5,14.1,18.1,12.1,3.6,15.8,3.2,13.1,0.0,0.0,0.0,0.0,0.0
5022,Dallas Goedert,29.0,77,6.0,PHI,TE,5.1,5.3,22.0,9.7,0.0,0.0,0.0,0.0,0.0,9.5,8.6,3.9,0.0,0.0,0.0,0.0,0.0
5032,Jordan Akins,32.0,76,6.0,CLE,TE,,1.5,4.9,1.5,9.7,0.0,6.2,,,,,,,,,,
5045,Courtland Sutton,29.0,76,6.0,DEN,WR,5.8,3.1,10.3,13.5,4.2,13.3,0.0,13.12,19.78,16.0,11.3,25.7,0.0,0.0,0.0,0.0,0.0
5086,Marquez Valdes-Scantling,30.0,76,6.0,NO,WR,,,,,,,,,,,15.7,,0.0,0.0,0.0,0.0,0.0
5096,Ray-Ray McCloud,28.0,69,6.0,ATL,WR,,6.0,4.7,8.2,9.6,2.8,1.9,4.1,11.0,5.1,7.6,0.0,0.0,0.0,0.0,0.0,0.0
5133,Tyler Conklin,29.0,75,6.0,NYJ,TE,1.1,1.5,11.8,3.7,8.5,2.0,8.7,11.7,0.2,1.3,1.2,0.0,0.0,0.0,0.0,0.0,0.0
5185,Allen Lazard,28.0,77,6.0,NYJ,WR,,2.1,12.3,8.3,11.4,20.4,7.8,0.0,0.0,0.0,0.0,0.0,0.0,0.0,0.0,0.0,0.0
5248,Gus Edwards,29.0,73,6.0,LAC,RB,3.3,5.9,0.9,1.9,0.0,0.0,0.0,0.0,0.0,5.5,2.7,7.1,0.0,0.0,0.0,0.0,0.0
5374,Justin Watson,28.0,74,6.0,KC,WR,,,,,0.0,0.0,,,,,,,,,,,
5409,Tanner Hudson,30.0,77,6.0,CIN,TE,,,,,0.0,0.0,0.0,0.0,2.4,13.3,2.3,0.0,0.0,0.0,0.0,0.0,0.0
5844,T.J. Hockenson,27.0,77,5.0,MIN,TE,0.0,0.0,0.0,0.0,0.0,0.0,0.0,0.0,4.2,11.2,2.3,14.9,0.0,0.0,0.0,0.0,0.0
5846,DK Metcalf,26.0,76,5.0,SEA,WR,4.4,23.9,18.4,11.9,5.5,6.3,17.9,0.0,0.0,0.0,10.5,7.9,0.0,0.0,0.0,0.0,0.0
5848,Hollywood Brown,27.0,69,5.0,KC,WR,0.0,0.0,0.0,0.0,0.0,0.0,0.0,0.0,0.0,0.0,0.0,0.0,0.0,0.0,0.0,0.0,0.0
5849,Kyler Murray,27.0,70,5.0,ARI,QB,14.18,28.54,15.78,9.98,25.1,11.96,21.2,22.18,4.76,28.74,0.0,11.3,0.0,0.0,0.0,0.0,0.0
5850,Josh Jacobs,26.0,70,5.0,GB,RB,11.4,13.1,5.3,9.8,15.9,10.5,17.7,25.0,11.8,0.0,21.4,28.6,19.7,0.0,0.0,0.0,0.0
5857,Noah Fant,27.0,76,5.0,SEA,TE,2.1,1.9,9.0,3.6,3.9,9.3,8.5,3.7,0.0,0.0,0.0,0.0,0.0,0.0,0.0,0.0,0.0
5859,A.J. Brown,27.0,73,5.0,PHI,WR,20.4,0.0,0.0,0.0,0.0,20.6,17.4,10.9,4.6,13.4,9.0,19.9,0.0,0.0,0.0,0.0,0.0
5870,Daniel Jones,27.0,77,5.0,MIN,QB,6.94,18.32,19.44,10.54,22.08,12.8,5.96,7.66,24.36,14.2,0.0,0.0,0.0,0.0,0.0,0.0,0.0
5872,Deebo Samuel,28.0,72,5.0,SF,WR,16.2,14.0,0.0,8.7,2.5,19.2,0.0,10.6,0.0,10.1,4.1,2.6,0.0,0.0,0.0,0.0,0.0
5892,David Montgomery,27.0,71,5.0,DET,RB,15.8,15.0,19.7,14.5,0.0,20.5,6.5,14.42,11.1,12.1,23.0,14.8,13.9,0.0,0.0,0.0,0.0
5906,Dawson Knox,28.0,76,5.0,BUF,TE,2.8,0.0,1.2,0.5,0.0,7.7,1.0,6.0,1.0,5.0,6.0,0.0,0.0,0.0,0.0,0.0,0.0
5917,Mecole Hardman,26.0,70,5.0,KC,WR,,,,,,,,1.3,3.2,0.8,3.1,1.5,0.0,0.0,0.0,0.0,0.0
5927,Terry McLaurin,29.0,72,5.0,WAS,WR,2.7,5.2,18.0,14.7,11.4,20.3,12.8,15.0,14.9,13.8,1.5,18.7,0.0,0.0,0.0,0.0,0.0
5937,Diontae Johnson,28.0,70,5.0,BAL,WR,2.9,3.0,22.2,17.8,4.4,16.8,2.2,0.0,0.0,1.1,0.0,0.0,0.0,0.0,0.0,0.0,0.0
5938,Lil'Jordan Humphrey,26.0,76,5.0,DEN,WR,,,,0.0,5.8,1.3,2.2,,,,,,,,,,
5947,Jakobi Meyers,28.0,74,5.0,LV,WR,7.9,4.9,17.7,7.4,10.2,0.0,0.0,14.2,14.5,0.0,6.8,17.1,12.7,0.0,0.0,0.0,0.0
5967,Tony Pollard,27.0,72,5.0,TEN,RB,16.9,12.7,4.4,17.8,0.0,16.3,7.5,13.2,16.9,8.3,3.9,20.4,0.0,0.0,0.0,0.0,0.0
5970,Greg Dortch,26.0,67,5.0,ARI,WR,8.1,2.1,5.0,5.8,1.2,3.1,7.0,1.4,0.0,0.4,0.0,1.0,0.0,0.0,0.0,0.0,0.0
5973,Josh Oliver,27.0,77,5.0,MIN,TE,,,,,,,,,,,,,0.0,0.0,0.0,0.0,0.0
5985,Foster Moreau,27.0,76,5.0,NO,TE,12.3,0.0,0.7,0.0,8.3,6.4,4.8,0.0,8.2,0.0,6.5,0.0,0.0,0.0,0.0,0.0,0.0
5987,Alexander Mattison,26.0,71,5.0,LV,RB,14.2,6.1,11.9,6.0,9.1,15.0,13.8,6.9,3.6,0.0,8.4,0.0,0.0,0.0,0.0,0.0,0.0
5995,Justice Hill,27.0,70,5.0,BAL,RB,8.5,4.2,6.4,18.6,3.0,0.9,12.3,2.4,7.3,0.8,6.1,13.2,0.0,0.0,0.0,0.0,0.0
6011,Gardner Minshew,28.0,73,5.0,LV,QB,11.78,13.94,14.96,5.0,9.68,0.0,1.36,14.96,2.96,0.0,18.98,12.7,0.0,0.0,0.0,0.0,0.0
6130,Devin Singletary,27.0,67,5.0,NYG,RB,7.2,14.0,16.8,4.3,0.0,0.0,2.6,3.3,3.3,5.0,0.0,8.0,2.3,0.0,0.0,0.0,0.0
6149,Darius Slayton,27.0,73,5.0,NYG,WR,4.1,4.8,1.2,7.1,22.2,8.7,1.6,12.8,7.5,0.0,0.0,0.0,1.8,0.0,0.0,0.0,0.0
6151,Miles Sanders,27.0,71,5.0,CAR,RB,2.2,4.0,10.0,6.1,4.3,1.8,3.3,8.0,0.0,0.5,0.0,,,,,,
6271,Olamide Zaccheaus,27.0,68,5.0,WAS,WR,2.0,2.9,0.0,11.5,1.5,,,,,,,,,,,,
6694,D'Ernest Johnson,28.0,70,5.0,JAX,RB,0.0,,,,,,8.5,2.8,0.6,,,,,,,,
6768,Tua Tagovailoa,26.0,73,4.0,MIA,QB,18.62,8.5,0.0,0.0,0.0,0.0,0.0,14.66,17.54,9.18,23.52,28.48,25.2,0.0,0.0,0.0,0.0
6770,Joe Burrow,27.0,76,4.0,CIN,QB,8.06,17.22,25.36,17.28,34.78,19.82,14.94,13.86,30.14,33.72,29.04,0.0,0.0,0.0,0.0,0.0,0.0
6783,Jerry Jeudy,25.0,73,4.0,CLE,WR,10.0,9.8,6.7,10.2,2.1,4.0,2.3,10.4,10.8,0.0,23.2,11.5,0.0,0.0,0.0,0.0,0.0
6786,CeeDee Lamb,25.0,74,4.0,DAL,WR,11.1,17.0,6.7,20.1,8.9,12.6,0.0,33.1,12.2,5.4,14.6,11.8,4.9,0.0,0.0,0.0,0.0
6790,D'Andre Swift,25.0,69,4.0,CHI,RB,5.0,6.2,5.2,26.0,19.0,19.9,0.0,18.9,11.2,7.0,15.4,8.0,8.4,0.0,0.0,0.0,0.0
6794,Justin Jefferson,25.0,73,4.0,MIN,WR,13.9,21.3,17.1,17.5,12.2,0.0,17.9,15.5,18.08,7.3,11.1,3.7,0.0,0.0,0.0,0.0,0.0
6797,Justin Herbert,26.0,78,4.0,LAC,QB,10.36,12.0,9.0,11.16,0.0,13.68,14.76,24.06,19.48,19.76,24.38,17.62,0.0,0.0,0.0,0.0,0.0
6801,Tee Higgins,25.0,76,4.0,CIN,WR,0.0,0.0,5.4,9.0,24.8,11.2,16.2,0.0,0.0,0.0,25.3,0.0,0.0,0.0,0.0,0.0,0.0
6803,Brandon Aiyuk,26.0,72,4.0,SF,WR,3.8,6.3,7.3,5.8,18.7,4.7,3.3,0.0,0.0,0.0,0.0,0.0,0.0,0.0,0.0,0.0,0.0
6804,Jordan Love,26.0,76,4.0,GB,QB,17.4,0.0,0.0,31.16,16.96,26.62,18.8,6.74,11.92,0.0,21.24,14.72,18.96,0.0,0.0,0.0,0.0
6806,J.K. Dobbins,25.0,70,4.0,LAC,RB,21.4,19.6,6.9,7.7,0.0,17.2,8.1,14.8,23.5,7.0,18.4,7.4,0.0,0.0,0.0,0.0,0.0
6813,Jonathan Taylor,25.0,70,4.0,IND,RB,10.8,14.5,26.0,18.3,0.0,0.0,0.0,18.2,7.4,13.2,6.5,3.5,0.0,0.0,0.0,0.0,0.0
6819,Michael Pittman,27.0,76,4.0,IND,WR,5.1,3.6,5.6,14.3,12.2,11.0,7.8,2.1,1.9,0.0,7.1,12.6,0.0,0.0,0.0,0.0,0.0
6820,Clyde Edwards-Helaire,25.0,67,4.0,KC,RB,0.0,0.0,0.0,0.0,0.0,0.0,0.0,0.0,0.0,0.0,0.0,0.0,0.0,0.0,0.0,0.0,0.0
6826,Cole Kmet,25.0,78,4.0,CHI,TE,0.9,4.7,20.7,4.9,7.2,21.5,0.0,3.9,0.0,2.3,5.7,9.9,4.1,0.0,0.0,0.0,0.0
6828,AJ Dillon,26.0,72,4.0,GB,RB,0.0,0.0,0.0,0.0,0.0,0.0,0.0,0.0,0.0,,,,,,,,
6845,Zack Moss,26.0,70,4.0,CIN,RB,13.1,5.2,18.2,15.8,6.7,0.0,5.5,5.9,0.0,0.0,0.0,0.0,0.0,0.0,0.0,0.0,0.0
6865,Colby Parkinson,25.0,79,4.0,LAR,TE,6.7,1.7,3.6,5.3,8.7,0.0,4.2,2.7,0.0,0.0,8.4,1.5,0.0,0.0,0.0,0.0,0.0
6869,Adam Trautman,27.0,77,4.0,DEN,TE,,,,,,0.0,0.0,,,3.9,0.0,0.8,0.0,0.0,0.0,0.0,0.0
6904,Jalen Hurts,26.0,73,4.0,PHI,QB,18.42,24.82,11.94,16.32,0.0,21.86,22.76,35.14,29.9,30.68,18.74,15.06,0.0,0.0,0.0,0.0,0.0
6938,Cam Akers,25.0,70,4.0,MIN,RB,,,9.4,5.3,11.7,,0.0,0.0,,5.2,10.6,3.0,0.0,0.0,0.0,0.0,0.0
6943,Gabe Davis,25.0,74,4.0,JAX,WR,7.7,5.8,2.8,0.3,3.3,19.0,1.8,0.0,0.0,2.4,0.8,0.0,0.0,0.0,0.0,0.0,0.0
6945,Antonio Gibson,26.0,72,4.0,NE,RB,1.8,10.8,5.2,9.4,6.1,5.8,1.8,0.7,1.6,2.6,2.5,5.0,0.0,0.0,0.0,0.0,0.0
6960,Tyler Johnson,26.0,73,4.0,LAR,WR,,3.0,3.5,0.0,0.0,,,,,,,,,,,,
7002,Juwan Johnson,28.0,76,4.0,NO,TE,9.6,0.0,0.0,2.3,5.6,6.3,3.3,6.3,5.1,3.2,10.5,0.0,0.0,0.0,0.0,0.0,0.0
7021,Rico Dowdle,26.0,72,4.0,DAL,RB,3.7,7.9,7.1,12.6,18.4,8.0,0.0,0.0,19.2,7.1,4.4,9.3,19.8,0.0,0.0,0.0,0.0
7049,Jauan Jennings,27.0,75,4.0,SF,WR,8.9,4.7,41.0,10.3,1.8,4.2,0.0,0.0,0.0,12.8,20.1,6.5,0.0,0.0,0.0,0.0,0.0
7066,K.J. Osborn,27.0,72,4.0,NE,WR,3.6,1.2,0.0,0.8,0.0,0.0,9.6,0.0,0.0,0.0,0.0,0.0,0.0,0.0,0.0,0.0,0.0
7083,Tyler Huntley,26.0,73,4.0,MIA,QB,,,0.0,11.84,7.46,0.0,9.48,0.0,0.0,,,,,,,,
7090,Darnell Mooney,27.0,71,4.0,ATL,WR,2.0,16.3,10.6,7.1,27.0,5.3,7.1,16.6,17.3,12.1,3.7,0.0,0.0,0.0,0.0,0.0,0.0
7496,Nick Westbrook-Ikhine,27.0,74,4.0,TEN,WR,,,,,,,,,13.5,4.6,18.7,11.8,0.0,0.0,0.0,0.0,0.0
7523,Trevor Lawrence,25.0,78,3.0,JAX,QB,11.28,13.3,10.42,14.76,22.24,18.06,15.02,24.32,21.56,0.0,0.0,0.0,0.0,0.0,0.0,0.0,0.0
7525,DeVonta Smith,26.0,72,3.0,PHI,WR,11.9,17.1,11.4,0.0,0.0,13.9,0.3,17.5,16.7,2.4,4.9,0.0,0.0,0.0,0.0,0.0,0.0
7526,Jaylen Waddle,26.0,70,3.0,MIA,WR,13.7,6.5,4.6,5.6,6.6,0.0,1.6,6.5,6.6,7.1,4.7,24.4,9.3,0.0,0.0,0.0,0.0
7527,Mac Jones,26.0,75,3.0,JAX,QB,0.0,0.0,-1.12,0.0,0.0,0.24,0.0,0.0,0.0,7.24,5.22,0.0,0.0,0.0,0.0,0.0,0.0
7528,Najee Harris,26.0,73,3.0,PIT,RB,8.4,7.9,11.1,8.8,8.7,19.2,16.2,14.6,0.0,11.3,11.3,6.4,0.0,0.0,0.0,0.0,0.0
7538,Zach Wilson,25.0,74,3.0,DEN,QB,0.0,0.0,0.0,0.0,,,,,,,,,,,,,
7543,Travis Etienne,25.0,70,3.0,JAX,RB,10.9,13.3,10.5,6.5,9.0,-0.1,0.0,0.0,4.0,4.8,4.8,0.0,0.0,0.0,0.0,0.0,0.0
7547,Amon-Ra St. Brown,25.0,72,3.0,DET,WR,2.8,17.4,17.0,17.78,0.0,11.7,21.2,7.7,15.1,15.0,33.2,9.2,9.8,0.0,0.0,0.0,0.0
7553,Kyle Pitts,24.0,78,3.0,ATL,TE,10.1,3.5,6.9,0.0,12.3,8.5,10.0,23.1,1.6,7.5,1.4,0.0,0.0,0.0,0.0,0.0,0.0
7561,Elijah Mitchell,26.0,70,3.0,SF,RB,0.0,0.0,0.0,0.0,0.0,0.0,0.0,0.0,0.0,0.0,0.0,0.0,0.0,0.0,0.0,0.0,0.0
7562,Tutu Atwell,25.0,69,3.0,LAR,WR,,,11.3,10.2,9.5,0.0,8.1,2.3,2.1,1.1,2.6,4.5,,,,,
7564,Ja'Marr Chase,24.0,72,3.0,CIN,WR,9.2,5.5,26.8,16.0,36.3,9.7,15.1,15.9,7.8,49.9,23.0,0.0,0.0,0.0,0.0,0.0,0.0
7565,Terrace Marshall,24.0,74,3.0,LV,WR,0.0,0.0,,,,,,,,,,,,,,,
7567,Kenneth Gainwell,25.0,69,3.0,PHI,RB,1.7,0.6,2.2,0.9,0.0,2.3,7.2,1.9,1.5,4.4,5.4,8.2,0.0,0.0,0.0,0.0,0.0
7569,Nico Collins,25.0,76,3.0,HOU,WR,14.7,23.5,10.6,27.1,14.8,0.0,0.0,0.0,0.0,0.0,7.4,17.7,0.0,0.0,0.0,0.0,0.0
7571,Rashod Bateman,25.0,73,3.0,BAL,WR,6.3,5.5,10.3,2.8,13.8,9.1,20.1,3.3,4.0,14.4,4.0,11.3,0.0,0.0,0.0,0.0,0.0
7587,Dyami Brown,25.0,72,3.0,WAS,WR,0.0,,,,,1.6,,,,,,,,,,,
7588,Javonte Williams,24.0,70,3.0,DEN,RB,2.8,9.0,4.1,9.0,13.6,3.1,24.6,7.2,9.4,1.7,16.7,1.4,0.0,0.0,0.0,0.0,0.0
7591,Justin Fields,25.0,75,3.0,PIT,QB,11.94,11.38,19.4,31.98,15.94,23.7,0.0,0.0,0.0,0.0,1.7,2.6,0.0,0.0,0.0,0.0,0.0
7593,Trey Sermon,25.0,72,3.0,IND,RB,,,,,15.3,2.9,5.4,1.9,1.8,0.9,,,,,,,
7594,Chuba Hubbard,25.0,73,3.0,CAR,RB,1.4,9.6,25.4,20.1,15.5,12.8,11.2,8.1,20.2,22.9,0.0,14.5,0.0,0.0,0.0,0.0,0.0
7596,Elijah Moore,24.0,70,3.0,CLE,WR,2.4,7.4,2.7,1.6,2.6,0.8,7.1,12.5,4.3,0.0,15.6,3.6,0.0,0.0,0.0,0.0,0.0
7600,Pat Freiermuth,26.0,77,3.0,PIT,TE,4.7,5.9,5.3,14.2,7.7,2.6,6.1,2.9,0.0,9.2,2.4,7.9,0.0,0.0,0.0,0.0,0.0
7601,Rondale Moore,24.0,67,3.0,ATL,WR,0.0,0.0,0.0,0.0,0.0,0.0,0.0,0.0,0.0,0.0,0.0,0.0,0.0,0.0,0.0,0.0,0.0
7602,Kylen Granson,26.0,75,3.0,IND,TE,0.0,,,,,,,,,,,0.0,,,,,
7606,Kadarius Toney,25.0,72,3.0,CLE,WR,0.0,0.0,,,,,,,,,,,,,,,
7607,Michael Carter,25.0,68,3.0,ARI,RB,0.0,0.0,0.0,0.0,,,,,,,,,,,,,
7608,Khalil Herbert,26.0,69,3.0,CIN,RB,0.4,7.7,0.9,0.0,0.0,0.0,0.0,0.0,0.0,0.0,0.0,0.0,0.0,0.0,0.0,0.0,0.0
7610,Trey Lance,24.0,76,3.0,DAL,QB,0.0,,,,,,,,,,,,0.0,0.0,0.0,0.0,0.0
7611,Rhamondre Stevenson,26.0,72,3.0,NE,RB,20.1,16.0,0.3,6.2,17.2,0.0,3.5,22.0,19.9,8.2,10.9,3.3,0.0,0.0,0.0,0.0,0.0
7670,Joshua Palmer,25.0,73,3.0,LAC,WR,2.5,2.9,0.0,5.1,0.0,4.8,8.3,8.2,13.3,4.1,3.3,5.3,0.0,0.0,0.0,0.0,0.0
7694,Tommy Tremble,24.0,76,3.0,CAR,TE,0.0,3.8,4.4,0.0,-0.8,0.0,0.0,2.3,0.0,0.0,0.0,1.0,0.0,0.0,0.0,0.0,0.0
7812,Simi Fehoko,27.0,76,3.0,LAC,WR,,,,,,,,0.0,0.0,,,,,,,,
7828,Noah Gray,25.0,75,3.0,KC,TE,,0.0,,,3.9,0.0,8.6,3.8,0.0,2.8,16.3,20.6,7.8,0.0,0.0,0.0,0.0
7891,Brock Wright,26.0,77,3.0,DET,TE,,,,2.3,,,,,,,7.0,3.4,1.8,0.0,0.0,0.0,0.0
8110,Jake Ferguson,25.0,77,2.0,DAL,TE,3.0,0.0,12.5,8.4,10.0,2.6,0.0,5.3,10.6,2.4,1.6,0.0,0.0,0.0,0.0,0.0,0.0
8111,Cade Otton,25.0,77,2.0,TB,TE,1.0,-0.4,6.2,8.2,5.9,8.5,14.0,24.6,17.7,6.0,0.0,3.5,0.0,0.0,0.0,0.0,0.0
8112,Drake London,23.0,76,2.0,ATL,WR,2.5,14.4,15.7,9.4,27.4,16.4,15.3,5.4,9.7,13.7,7.6,0.0,0.0,0.0,0.0,0.0,0.0
8117,Jalen Tolbert,25.0,73,2.0,DAL,WR,1.7,11.2,11.7,3.9,18.2,6.3,0.0,5.9,9.4,2.9,3.1,9.2,5.1,0.0,0.0,0.0,0.0
8119,Jahan Dotson,24.0,71,2.0,PHI,WR,0.0,1.1,1.8,2.1,0.0,2.8,0.0,0.0,4.1,3.2,1.3,0.9,0.0,0.0,0.0,0.0,0.0
8121,Romeo Doubs,24.0,74,2.0,GB,WR,7.0,7.7,2.3,5.9,0.0,18.4,13.4,8.7,4.8,0.0,2.2,6.9,0.0,0.0,0.0,0.0,0.0
8125,Calvin Austin,25.0,69,2.0,PIT,WR,1.2,1.1,17.5,2.2,1.1,4.6,4.1,18.9,0.0,3.0,0.4,15.3,0.0,0.0,0.0,0.0,0.0
8126,Wan'Dale Robinson,23.0,68,2.0,NYG,WR,8.8,8.8,9.6,12.6,13.0,7.5,5.3,5.5,2.5,7.6,0.0,7.2,1.6,0.0,0.0,0.0,0.0
8129,Dameon Pierce,24.0,70,2.0,HOU,RB,1.6,0.0,0.0,0.0,0.0,14.2,0.2,0.4,0.0,0.0,0.2,0.0,0.0,0.0,0.0,0.0,0.0
8130,Trey McBride,25.0,76,2.0,ARI,TE,5.5,15.7,4.0,0.0,8.3,13.6,7.6,16.9,11.2,9.1,0.0,19.3,0.0,0.0,0.0,0.0,0.0
8131,Isaiah Likely,24.0,76,2.0,BAL,TE,21.6,3.6,0.9,3.1,14.8,3.7,2.7,6.7,0.0,0.0,7.5,0.0,0.0,0.0,0.0,0.0,0.0
8132,Tyler Allgeier,24.0,71,2.0,ATL,RB,2.1,7.0,3.2,9.0,4.0,19.3,5.0,3.3,7.8,5.9,0.4,0.0,0.0,0.0,0.0,0.0,0.0
8134,Khalil Shakir,24.0,72,2.0,BUF,WR,11.7,8.1,16.2,8.2,0.0,2.9,10.0,15.4,8.0,8.8,11.0,0.0,0.0,0.0,0.0,0.0,0.0
8135,Treylon Burks,24.0,74,2.0,TEN,WR,0.8,0.0,1.4,1.8,0.0,1.5,0.0,0.0,0.0,0.0,0.0,0.0,0.0,0.0,0.0,0.0,0.0
8136,Rachaad White,25.0,72,2.0,TB,RB,13.6,2.8,6.0,9.4,8.1,0.0,26.1,13.2,11.0,16.0,0.0,11.2,0.0,0.0,0.0,0.0,0.0
8137,George Pickens,23.0,75,2.0,PIT,WR,10.5,3.9,8.2,12.8,4.1,6.8,19.6,9.4,0.0,18.0,12.9,6.8,0.0,0.0,0.0,0.0,0.0
8138,James Cook,25.0,71,2.0,BUF,RB,11.8,28.0,16.7,5.3,16.9,0.0,9.2,26.8,9.4,15.0,17.2,0.0,0.0,0.0,0.0,0.0,0.0
8139,Zamir White,25.0,72,2.0,LV,RB,3.6,5.3,3.4,3.0,0.0,0.0,3.2,-0.1,7.0,0.0,0.9,0.0,0.0,0.0,0.0,0.0,0.0
8142,Alec Pierce,24.0,75,2.0,IND,WR,20.0,14.1,4.9,1.4,20.9,0.0,2.5,1.6,5.6,16.1,8.9,4.4,0.0,0.0,0.0,0.0,0.0
8143,Jerome Ford,25.0,70,2.0,CLE,RB,15.9,6.9,8.5,12.0,6.4,1.4,0.0,0.0,1.2,0.0,5.9,3.2,0.0,0.0,0.0,0.0,0.0
8144,Chris Olave,24.0,72,2.0,NO,WR,2.1,10.8,17.6,12.7,2.0,-1.0,0.0,14.7,1.8,0.0,0.0,0.0,0.0,0.0,0.0,0.0,0.0
8146,Garrett Wilson,24.0,72,2.0,NYJ,WR,9.0,8.2,11.8,4.6,22.6,20.7,10.6,13.8,25.5,6.6,3.8,0.0,0.0,0.0,0.0,0.0,0.0
8147,John Metchie,24.0,72,2.0,HOU,WR,,,,,,,,,0.0,,4.8,1.1,0.0,0.0,0.0,0.0,0.0
8148,Jameson Williams,23.0,73,2.0,DET,WR,21.9,11.9,0.7,15.0,0.0,16.2,0.1,0.0,0.0,6.8,20.6,9.3,7.1,0.0,0.0,0.0,0.0
8150,Kyren Williams,24.0,69,2.0,LAR,RB,12.9,13.2,30.6,18.4,15.0,0.0,19.6,20.1,10.0,8.7,8.6,11.2,0.0,0.0,0.0,0.0,0.0
8151,Kenneth Walker,24.0,69,2.0,SEA,RB,17.9,0.0,0.0,31.6,11.1,16.9,22.3,6.5,12.2,0.0,12.9,11.3,0.0,0.0,0.0,0.0,0.0
8154,Brian Robinson,25.0,73,2.0,WAS,RB,16.4,14.1,10.2,18.8,13.8,0.0,13.1,8.1,0.0,0.0,13.7,2.9,0.0,0.0,0.0,0.0,0.0
8155,Breece Hall,23.0,71,2.0,NYJ,RB,15.8,20.9,16.3,2.8,5.2,19.4,23.1,9.4,9.5,10.3,27.6,0.0,0.0,0.0,0.0,0.0,0.0
8159,Desmond Ridder,25.0,75,2.0,LV,QB,0.0,0.0,0.0,0.0,0.0,0.0,0.0,,,,,,,,,,
8160,Kenny Pickett,26.0,75,2.0,PHI,QB,0.0,0.0,0.0,0.0,0.0,0.0,0.0,0.0,0.0,0.3,0.0,-0.2,0.0,0.0,0.0,0.0,0.0
8161,Malik Willis,25.0,73,2.0,GB,QB,,12.98,25.38,0.0,0.0,0.0,0.0,8.54,0.0,0.0,0.0,0.0,0.0,0.0,0.0,0.0,0.0
8162,Sam Howell,24.0,73,2.0,SEA,QB,0.0,0.0,0.0,0.0,0.0,0.0,0.0,0.0,0.0,0.0,0.0,0.0,0.0,0.0,0.0,0.0,0.0
8167,Christian Watson,25.0,76,2.0,GB,WR,8.8,0.0,7.7,0.0,0.0,14.3,1.0,5.9,7.2,0.0,17.0,0.4,7.7,0.0,0.0,0.0,0.0
8168,Skyy Moore,24.0,70,2.0,KC,WR,0.0,0.0,,,,,,,,,,,,,,,
8171,Kyle Philips,25.0,71,2.0,PHI,WR,0.0,0.0,0.0,0.0,0.0,0.0,0.0,0.0,0.0,0.0,0.0,0.0,0.0,0.0,0.0,0.0,0.0
8172,Greg Dulcich,24.0,76,2.0,NYG,TE,2.2,3.1,0.0,0.0,0.0,0.0,0.0,0.0,0.0,0.0,0.0,0.0,0.0,0.0,0.0,0.0,0.0
8177,Grant Calcaterra,25.0,76,2.0,PHI,TE,,,,,,,,,,0.0,0.0,,,,,,
8180,Jalen Nailor,25.0,71,2.0,MIN,WR,8.6,12.9,10.9,1.6,0.0,0.0,9.6,2.6,7.2,0.9,0.0,7.0,0.0,0.0,0.0,0.0,0.0
8183,Brock Purdy,24.0,73,2.0,SF,QB,10.34,14.96,25.78,15.62,15.06,24.1,20.18,26.0,0.0,23.82,19.36,0.0,0.0,0.0,0.0,0.0,0.0
8188,Tyquan Thornton,24.0,74,2.0,KC,WR,,0.0,0.0,,,,,,,,,,,,,,
8205,Isiah Pacheco,25.0,70,2.0,KC,RB,14.8,13.6,0.0,0.0,0.0,0.0,0.0,0.0,0.0,0.0,0.0,0.0,5.4,0.0,0.0,0.0,0.0
8206,Skylar Thompson,27.0,74,2.0,MIA,QB,,,4.28,0.0,0.0,0.0,0.0,0.0,0.0,0.0,,,,,,,
8207,Tyler Goodson,24.0,69,2.0,IND,RB,,,,,,,11.1,0.0,0.0,,,0.0,0.0,0.0,0.0,0.0,0.0
8210,Chig Okonkwo,25.0,75,2.0,TEN,TE,8.5,3.1,2.5,1.0,0.0,2.1,7.0,0.4,5.3,1.9,2.9,13.5,0.0,0.0,0.0,0.0,0.0
8219,Jelani Woods,26.0,79,2.0,IND,TE,0.0,0.0,0.0,0.0,0.0,0.0,0.0,0.0,0.0,0.0,0.0,0.0,0.0,0.0,0.0,0.0,0.0
8225,Daniel Bellinger,24.0,78,2.0,NYG,TE,0.8,0.0,2.2,0.0,,,,,,,,,,,,,
8228,Jaylen Warren,26.0,68,2.0,PIT,RB,3.0,7.1,0.6,0.0,0.0,3.3,6.9,6.9,0.0,8.5,8.8,13.9,0.0,0.0,0.0,0.0,0.0
8230,Ty Chandler,26.0,71,2.0,MIN,RB,5.7,8.2,1.3,1.8,4.9,0.0,0.4,0.0,0.0,1.8,0.0,0.0,0.0,0.0,0.0,0.0,0.0
8249,Lucas Krull,26.0,78,2.0,DEN,TE,,,,,,,,2.8,0.0,3.1,0.0,0.0,0.0,0.0,0.0,0.0,0.0
829,Andy Dalton,37.0,74,13.0,CAR,QB,,,24.56,16.7,4.74,16.94,2.02,0.0,0.0,0.0,0.0,,,,,,
8408,Jordan Mason,25.0,71,2.0,SF,RB,21.7,16.9,9.8,23.0,8.3,8.7,7.9,1.8,0.0,0.5,1.3,1.8,0.0,0.0,0.0,0.0,0.0
8676,Rashid Shaheed,26.0,72,2.0,NO,WR,14.8,18.9,0.0,11.7,16.6,7.8,0.0,0.0,0.0,0.0,0.0,0.0,0.0,0.0,0.0,0.0,0.0
9220,Evan Hull,24.0,70,1.0,IND,RB,0.0,0.0,0.0,0.0,0.0,0.0,0.0,0.0,0.0,0.0,,,,,,,
9221,Jahmyr Gibbs,22.0,69,1.0,DET,RB,15.4,14.1,16.3,19.8,0.0,10.6,30.0,19.8,14.1,11.8,18.8,23.4,9.4,0.0,0.0,0.0,0.0
9224,Chase Brown,24.0,70,1.0,CIN,RB,3.8,3.1,7.9,22.2,14.9,13.4,6.3,10.4,24.2,17.9,16.8,0.0,0.0,0.0,0.0,0.0,0.0
9225,Tank Bigsby,22.0,71,1.0,JAX,RB,7.3,0.0,0.9,9.0,25.4,2.4,23.8,9.6,2.2,0.4,0.0,0.0,0.0,0.0,0.0,0.0,0.0
9226,De'Von Achane,23.0,69,1.0,MIA,RB,19.5,26.0,7.3,4.4,2.2,0.0,9.5,23.7,28.1,7.7,18.5,19.1,17.0,0.0,0.0,0.0,0.0
9228,Bryce Young,23.0,70,1.0,CAR,QB,11.64,2.96,0.0,0.0,3.12,0.0,-0.16,15.56,10.74,12.04,0.0,16.52,0.0,0.0,0.0,0.0,0.0
9229,Anthony Richardson,22.0,76,1.0,IND,QB,27.08,12.86,7.08,5.24,0.0,0.0,8.76,12.5,0.0,0.0,28.08,12.98,0.0,0.0,0.0,0.0,0.0
9231,Jaren Hall,26.0,72,1.0,SEA,QB,0.0,0.0,0.0,0.0,0.0,0.0,0.0,0.0,0.0,0.0,0.0,0.0,0.0,0.0,0.0,0.0,0.0
9479,Darnell Washington,23.0,79,1.0,PIT,TE,1.0,7.0,0.0,4.1,1.0,1.4,5.6,3.4,0.0,1.1,5.2,2.9,0.0,0.0,0.0,0.0,0.0
9480,Brenton Strange,23.0,76,1.0,JAX,TE,0.0,8.0,8.2,3.4,10.4,1.6,0.0,8.4,0.0,3.5,1.1,0.0,0.0,0.0,0.0,0.0,0.0
9481,Luke Musgrave,24.0,78,1.0,GB,TE,0.0,1.1,0.8,2.8,0.0,0.0,0.0,0.0,0.0,0.0,0.0,0.0,0.0,0.0,0.0,0.0,0.0
9482,Michael Mayer,23.0,76,1.0,LV,TE,1.3,1.6,1.2,0.0,0.0,0.0,0.0,0.0,0.0,0.0,1.0,2.1,1.0,0.0,0.0,0.0,0.0
9484,Tucker Kraft,24.0,77,1.0,GB,TE,4.7,2.6,3.4,14.3,22.8,2.5,10.8,15.3,5.6,0.0,0.0,9.6,10.8,0.0,0.0,0.0,0.0
9486,Dontayvion Wicks,23.0,73,1.0,GB,WR,0.0,10.1,0.0,22.3,3.0,1.4,12.3,2.1,0.0,0.0,0.0,3.0,5.0,0.0,0.0,0.0,0.0
9487,Parker Washington,22.0,70,1.0,JAX,WR,0.8,0.0,2.8,0.0,0.0,0.0,6.0,6.1,5.6,0.0,1.5,0.0,0.0,0.0,0.0,0.0,0.0
9488,Jaxon Smith-Njigba,22.0,72,1.0,SEA,WR,2.9,17.7,5.4,9.1,11.1,7.8,3.8,9.9,33.5,0.0,16.8,16.7,0.0,0.0,0.0,0.0,0.0
9492,Trey Palmer,23.0,73,1.0,TB,WR,2.4,0.0,,,,,,3.9,,0.0,0.0,2.3,0.0,0.0,0.0,0.0,0.0
9493,Puka Nacua,23.0,74,1.0,LAR,WR,6.2,0.0,0.0,0.0,0.0,0.0,0.0,14.6,1.6,14.3,21.8,16.2,0.0,0.0,0.0,0.0,0.0
9494,Marvin Mims,22.0,71,1.0,DEN,WR,0.0,1.5,1.4,0.0,2.9,0.0,2.8,1.3,0.9,5.0,12.3,5.7,0.0,0.0,0.0,0.0,0.0
9497,Jalin Hyatt,23.0,72,1.0,NYG,WR,0.0,0.0,0.0,0.0,0.0,1.1,0.0,0.0,0.0,5.9,0.0,0.0,1.8,0.0,0.0,0.0,0.0
9500,Josh Downs,23.0,69,1.0,IND,WR,0.0,0.0,3.7,18.2,11.4,16.0,0.8,20.2,9.0,10.7,16.9,4.2,0.0,0.0,0.0,0.0,0.0
9501,DeMario Douglas,23.0,68,1.0,NE,WR,2.2,0.0,11.3,2.8,8.9,18.2,2.4,2.2,7.0,7.0,7.9,8.8,0.0,0.0,0.0,0.0,0.0
9502,Tank Dell,25.0,70,1.0,HOU,WR,7.4,1.8,8.7,0.0,5.3,15.2,0.0,11.5,15.6,5.8,7.8,8.7,0.0,0.0,0.0,0.0,0.0
9504,Kayshon Boutte,22.0,71,1.0,NE,WR,,,,,,13.4,3.8,6.1,2.8,6.7,5.3,1.1,0.0,0.0,0.0,0.0,0.0
9506,Sean Tucker,23.0,70,1.0,TB,RB,,,,,,,4.3,2.0,2.2,0.0,0.0,7.5,0.0,0.0,0.0,0.0,0.0
9508,Tyjae Spears,23.0,71,1.0,TEN,RB,5.2,4.1,8.1,10.9,0.0,2.7,0.0,0.0,0.0,6.6,1.8,0.0,0.0,0.0,0.0,0.0,0.0
9509,Bijan Robinson,22.0,71,1.0,ATL,RB,13.6,14.2,12.2,9.4,9.2,24.0,21.8,20.1,18.0,27.9,8.3,0.0,0.0,0.0,0.0,0.0,0.0
9511,Keaton Mitchell,22.0,68,1.0,BAL,RB,0.0,0.0,0.0,0.0,0.0,0.0,0.0,0.0,0.0,0.0,0.0,0.0,0.0,0.0,0.0,0.0,0.0
96,Aaron Rodgers,40.0,74,19.0,NYJ,QB,9.58,15.14,21.04,11.6,14.76,18.76,15.04,17.32,20.34,4.04,16.06,0.0,0.0,0.0,0.0,0.0,0.0
9753,Zach Charbonnet,23.0,73,1.0,SEA,RB,11.1,15.4,24.2,7.9,4.5,4.0,1.4,9.9,4.3,0.0,1.5,2.2,0.0,0.0,0.0,0.0,0.0
9754,Quentin Johnston,23.0,76,1.0,LAC,WR,5.3,19.6,11.4,1.8,0.0,3.7,0.0,0.0,20.0,9.4,11.8,0.0,0.0,0.0,0.0,0.0,0.0
9756,Jordan Addison,22.0,71,1.0,MIN,WR,5.0,0.0,0.0,21.4,5.1,0.0,8.1,3.2,13.6,3.9,13.6,26.2,0.0,0.0,0.0,0.0,0.0
9757,Kendre Miller,22.0,72,1.0,NO,RB,0.0,0.0,0.0,0.0,0.0,0.0,4.7,1.6,0.0,0.0,0.0,0.0,0.0,0.0,0.0,0.0,0.0
9758,C.J. Stroud,23.0,75,1.0,HOU,QB,18.66,14.3,11.8,23.5,16.94,19.38,5.34,12.4,11.54,11.78,11.88,17.68,0.0,0.0,0.0,0.0,0.0
9997,Zay Flowers,24.0,69,1.0,BAL,WR,8.1,18.6,3.8,1.5,15.5,17.9,3.5,15.0,27.2,5.4,10.9,8.7,0.0,0.0,0.0,0.0,0.0
9998,Hendon Hooker,26.0,75,1.0,DET,QB,0.0,0.0,0.0,0.0,0.0,0.66,0.0,0.24,0.0,0.0,1.78,0.0,0.0,0.0,0.0,0.0,0.0
9999,Will Levis,25.0,76,1.0,TEN,QB,8.68,12.48,15.6,0.5,0.0,8.3,0.0,0.0,0.0,19.1,16.6,17.12,0.0,0.0,0.0,0.0,0.0
